Date,Hour,Temperature_C,Humidity_Percent,Rain_mm
2026/01/01,00,26.42,90.37,0.55
2026/01/01,01,26.32,90.84,0.81
2026/01/01,02,26.22,91.39,0.76
2026/01/01,03,26.13,91.74,1.16
2026/01/01,04,26.08,91.95,1.35
2026/01/01,05,26.08,91.94,1.87
2026/01/01,06,26.31,91.26,2.07
2026/01/01,07,27.02,88.51,2.44
2026/01/01,08,27.72,84.36,2.88
2026/01/01,09,28.27,81.24,2.6
2026/01/01,10,28.69,79.33,2.88
2026/01/01,11,28.93,78.56,3.37
2026/01/01,12,29.02,78.43,4.07
2026/01/01,13,29.0,78.43,4.23
2026/01/01,14,28.87,78.91,4.57
2026/01/01,15,28.6,80.46,3.68
2026/01/01,16,28.19,82.76,3.24
2026/01/01,17,27.58,86.62,3.12
2026/01/01,18,27.14,88.84,3.0
2026/01/01,19,27.0,89.68,3.21
2026/01/01,20,26.9,90.26,2.9
2026/01/01,21,26.8,90.76,3.32
2026/01/01,22,26.71,91.09,3.86
2026/01/01,23,26.59,91.62,4.32
2026/01/02,00,26.49,92.13,4.67
2026/01/02,01,26.39,92.54,5.1
2026/01/02,02,26.31,92.86,5.14
2026/01/02,03,26.26,92.85,4.81
2026/01/02,04,26.22,92.68,5.4
2026/01/02,05,26.19,92.56,5.8
2026/01/02,06,26.31,92.0,5.71
2026/01/02,07,26.75,90.65,5.5
2026/01/02,08,27.05,89.37,5.97
2026/01/02,09,27.35,87.76,4.9
2026/01/02,10,27.48,86.41,5.53
2026/01/02,11,27.52,85.65,6.11
2026/01/02,12,27.55,84.77,7.89
2026/01/02,13,27.52,84.19,8.85
2026/01/02,14,27.43,84.25,9.14
2026/01/02,15,27.3,84.98,8.81
2026/01/02,16,27.07,86.87,8.3
2026/01/02,17,26.69,88.9,6.2
2026/01/02,18,26.4,89.44,5.15
2026/01/02,19,26.32,89.62,4.77
2026/01/02,20,26.25,89.81,4.51
2026/01/02,21,26.18,89.9,3.86
2026/01/02,22,26.08,89.98,2.81
2026/01/02,23,25.99,90.04,1.95
2026/01/03,00,25.88,90.18,1.12
2026/01/03,01,25.76,90.28,0.64
2026/01/03,02,25.66,90.05,0.23
2026/01/03,03,25.55,90.09,0.28
2026/01/03,04,25.44,90.16,0.2
2026/01/03,05,25.39,90.01,0.27
2026/01/03,06,25.47,89.73,0.31
2026/01/03,07,26.1,88.47,0.47
2026/01/03,08,26.63,86.08,0.61
2026/01/03,09,27.27,82.09,1.01
2026/01/03,10,27.79,79.25,1.42
2026/01/03,11,28.13,77.91,1.97
2026/01/03,12,28.27,77.64,2.43
2026/01/03,13,28.23,78.06,2.15
2026/01/03,14,28.07,78.91,1.89
2026/01/03,15,27.84,80.0,1.08
2026/01/03,16,27.48,81.98,0.69
2026/01/03,17,26.89,85.8,0.63
2026/01/03,18,26.38,88.19,0.4
2026/01/03,19,26.2,89.15,0.32
2026/01/03,20,26.06,89.89,0.25
2026/01/03,21,26.01,90.35,0.2
2026/01/03,22,25.96,90.92,0.34
2026/01/03,23,25.93,91.27,0.26
2026/01/04,00,25.89,91.48,0.28
2026/01/04,01,25.84,91.79,0.42
2026/01/04,02,25.81,92.01,0.68
2026/01/04,03,25.77,92.27,0.83
2026/01/04,04,25.73,92.13,1.46
2026/01/04,05,25.7,91.91,1.98
2026/01/04,06,25.83,91.31,2.83
2026/01/04,07,26.48,89.38,3.36
2026/01/04,08,26.95,87.24,2.99
2026/01/04,09,27.31,84.82,3.28
2026/01/04,10,27.62,82.37,2.91
2026/01/04,11,27.8,80.83,3.02
2026/01/04,12,27.96,79.75,2.66
2026/01/04,13,28.06,78.92,2.47
2026/01/04,14,28.05,78.45,1.82
2026/01/04,15,27.97,78.26,1.11
2026/01/04,16,27.77,79.5,0.45
2026/01/04,17,27.33,82.91,0.26
2026/01/04,18,26.86,84.61,0.27
2026/01/04,19,26.71,84.71,0.25
2026/01/04,20,26.61,84.72,0.27
2026/01/04,21,26.47,85.33,0.16
2026/01/04,22,26.34,86.37,0.2
2026/01/04,23,26.23,87.49,0.25
2026/01/05,00,26.13,88.69,0.17
2026/01/05,01,26.06,89.65,0.28
2026/01/05,02,26.02,90.35,0.35
2026/01/05,03,25.95,91.1,0.42
2026/01/05,04,25.87,91.84,0.45
2026/01/05,05,25.83,92.24,0.59
2026/01/05,06,25.95,92.01,0.75
2026/01/05,07,26.59,90.17,0.81
2026/01/05,08,27.1,88.04,0.68
2026/01/05,09,27.79,84.31,0.62
2026/01/05,10,28.41,80.59,0.48
2026/01/05,11,29.05,77.25,0.54
2026/01/05,12,29.48,75.4,0.61
2026/01/05,13,29.74,72.92,0.42
2026/01/05,14,29.7,73.09,0.36
2026/01/05,15,29.39,75.12,0.36
2026/01/05,16,28.87,78.62,0.43
2026/01/05,17,27.97,83.79,0.38
2026/01/05,18,27.21,87.82,0.48
2026/01/05,19,27.02,89.14,0.6
2026/01/05,20,26.91,90.06,0.61
2026/01/05,21,26.83,90.51,0.71
2026/01/05,22,26.7,91.06,1.06
2026/01/05,23,26.55,91.74,1.52
2026/01/06,00,26.43,92.09,3.53
2026/01/06,01,26.31,92.4,4.23
2026/01/06,02,26.22,92.48,4.48
2026/01/06,03,26.14,92.54,4.33
2026/01/06,04,26.1,92.54,4.54
2026/01/06,05,26.05,92.63,4.59
2026/01/06,06,26.15,92.33,4.29
2026/01/06,07,26.72,90.25,4.79
2026/01/06,08,27.43,86.58,3.91
2026/01/06,09,28.11,82.97,3.53
2026/01/06,10,28.49,81.45,3.56
2026/01/06,11,28.68,81.11,3.36
2026/01/06,12,28.87,80.27,3.05
2026/01/06,13,28.94,79.75,3.23
2026/01/06,14,28.9,79.8,3.59
2026/01/06,15,28.8,80.21,3.55
2026/01/06,16,28.5,82.21,2.31
2026/01/06,17,27.88,85.62,1.75
2026/01/06,18,27.29,88.2,1.23
2026/01/06,19,27.08,89.23,1.06
2026/01/06,20,26.95,90.09,0.85
2026/01/06,21,26.83,91.01,0.95
2026/01/06,22,26.71,91.89,0.98
2026/01/06,23,26.6,92.49,1.43
2026/01/07,00,26.52,92.82,1.62
2026/01/07,01,26.45,92.92,1.83
2026/01/07,02,26.37,93.04,1.67
2026/01/07,03,26.29,93.1,2.17
2026/01/07,04,26.21,93.23,2.28
2026/01/07,05,26.14,93.28,2.41
2026/01/07,06,26.3,92.69,2.67
2026/01/07,07,26.93,90.69,3.38
2026/01/07,08,27.52,87.54,2.06
2026/01/07,09,28.05,84.01,2.42
2026/01/07,10,28.41,81.68,2.56
2026/01/07,11,28.59,80.43,2.83
2026/01/07,12,28.73,79.37,3.32
2026/01/07,13,28.79,78.65,4.09
2026/01/07,14,28.78,78.34,4.32
2026/01/07,15,28.6,79.04,3.45
2026/01/07,16,28.29,81.08,2.16
2026/01/07,17,27.74,84.37,1.53
2026/01/07,18,27.23,86.32,1.56
2026/01/07,19,27.05,87.17,1.3
2026/01/07,20,26.9,88.04,0.93
2026/01/07,21,26.75,88.97,0.71
2026/01/07,22,26.58,90.13,0.81
2026/01/07,23,26.4,91.23,1.03
2026/01/08,00,26.23,92.13,1.23
2026/01/08,01,26.09,92.73,1.89
2026/01/08,02,26.0,92.89,3.0
2026/01/08,03,25.91,93.01,4.44
2026/01/08,04,25.84,93.1,4.38
2026/01/08,05,25.79,93.14,5.78
2026/01/08,06,25.99,92.5,6.21
2026/01/08,07,26.72,90.13,5.85
2026/01/08,08,27.37,86.68,4.25
2026/01/08,09,27.95,82.95,3.21
2026/01/08,10,28.37,80.75,2.17
2026/01/08,11,28.64,79.73,1.52
2026/01/08,12,28.79,78.57,0.83
2026/01/08,13,28.81,77.78,0.49
2026/01/08,14,28.72,77.63,0.45
2026/01/08,15,28.49,78.12,0.25
2026/01/08,16,28.12,79.66,0.1
2026/01/08,17,27.51,83.19,0.03
2026/01/08,18,26.99,85.6,0.02
2026/01/08,19,26.83,86.02,0.03
2026/01/08,20,26.7,86.38,0.04
2026/01/08,21,26.58,86.74,0.07
2026/01/08,22,26.44,87.44,0.05
2026/01/08,23,26.29,88.32,0.08
2026/01/09,00,26.14,89.23,0.14
2026/01/09,01,26.01,89.96,0.16
2026/01/09,02,25.9,90.41,0.22
2026/01/09,03,25.79,90.8,0.22
2026/01/09,04,25.7,91.01,0.32
2026/01/09,05,25.63,91.29,0.32
2026/01/09,06,25.81,90.8,0.57
2026/01/09,07,26.58,87.96,1.12
2026/01/09,08,27.31,83.75,0.88
2026/01/09,09,27.96,79.44,1.07
2026/01/09,10,28.46,77.67,1.07
2026/01/09,11,28.81,76.43,1.14
2026/01/09,12,29.0,75.25,1.18
2026/01/09,13,29.04,74.77,1.05
2026/01/09,14,28.92,75.2,0.83
2026/01/09,15,28.65,76.28,0.53
2026/01/09,16,28.24,78.18,0.27
2026/01/09,17,27.57,81.77,0.22
2026/01/09,18,26.93,84.83,0.16
2026/01/09,19,26.68,86.06,0.22
2026/01/09,20,26.5,86.97,0.1
2026/01/09,21,26.34,87.76,0.15
2026/01/09,22,26.19,88.64,0.21
2026/01/09,23,26.06,89.47,0.24
2026/01/10,00,25.93,90.29,0.38
2026/01/10,01,25.82,91.01,0.56
2026/01/10,02,25.74,91.5,1.18
2026/01/10,03,25.68,91.82,1.79
2026/01/10,04,25.65,91.92,2.31
2026/01/10,05,25.6,92.1,3.34
2026/01/10,06,25.79,91.51,3.73
2026/01/10,07,26.46,89.18,4.08
2026/01/10,08,27.16,85.63,3.73
2026/01/10,09,27.98,80.87,3.24
2026/01/10,10,28.68,77.5,2.12
2026/01/10,11,29.19,75.4,1.87
2026/01/10,12,29.63,72.22,1.51
2026/01/10,13,29.86,70.44,0.85
2026/01/10,14,29.84,70.76,0.48
2026/01/10,15,29.61,72.52,0.2
2026/01/10,16,29.25,75.22,0.13
2026/01/10,17,28.5,79.99,0.13
2026/01/10,18,27.69,84.46,0.12
2026/01/10,19,27.36,86.46,0.34
2026/01/10,20,27.16,87.98,0.24
2026/01/10,21,27.03,89.06,0.34
2026/01/10,22,26.87,90.22,0.62
2026/01/10,23,26.7,91.49,0.6
2026/01/11,00,26.51,92.64,1.04
2026/01/11,01,26.37,93.07,1.25
2026/01/11,02,26.29,93.2,1.52
2026/01/11,03,26.21,93.26,1.68
2026/01/11,04,26.13,93.32,2.74
2026/01/11,05,26.03,93.4,2.31
2026/01/11,06,26.09,92.85,2.51
2026/01/11,07,26.67,90.97,3.06
2026/01/11,08,27.23,88.08,2.85
2026/01/11,09,27.9,83.74,2.57
2026/01/11,10,28.47,80.33,2.22
2026/01/11,11,28.82,78.76,1.93
2026/01/11,12,28.98,78.06,1.5
2026/01/11,13,29.01,77.84,1.2
2026/01/11,14,28.96,78.06,1.09
2026/01/11,15,28.76,79.2,0.96
2026/01/11,16,28.36,81.86,0.88
2026/01/11,17,27.72,86.33,1.03
2026/01/11,18,27.19,89.36,0.94
2026/01/11,19,27.01,90.57,1.21
2026/01/11,20,26.88,91.53,1.08
2026/01/11,21,26.73,92.42,1.01
2026/01/11,22,26.6,93.13,0.9
2026/01/11,23,26.5,93.64,0.96
2026/01/12,00,26.41,93.89,1.1
2026/01/12,01,26.32,94.06,0.79
2026/01/12,02,26.23,93.99,0.79
2026/01/12,03,26.14,93.95,0.97
2026/01/12,04,26.02,93.86,1.04
2026/01/12,05,25.88,93.79,1.02
2026/01/12,06,26.02,92.9,1.09
2026/01/12,07,26.79,90.08,1.21
2026/01/12,08,27.46,85.46,0.86
2026/01/12,09,28.13,80.16,0.61
2026/01/12,10,28.66,77.1,0.37
2026/01/12,11,28.97,75.4,0.48
2026/01/12,12,29.08,74.31,0.4
2026/01/12,13,29.02,74.53,0.23
2026/01/12,14,28.86,75.48,0.22
2026/01/12,15,28.65,76.62,0.14
2026/01/12,16,28.34,78.23,0.15
2026/01/12,17,27.66,82.75,0.11
2026/01/12,18,26.99,86.15,0.1
2026/01/12,19,26.77,87.24,0.05
2026/01/12,20,26.62,87.94,0.03
2026/01/12,21,26.48,88.54,0.03
2026/01/12,22,26.34,89.26,0.03
2026/01/12,23,26.19,90.16,0.06
2026/01/13,00,26.05,91.05,0.06
2026/01/13,01,25.91,91.89,0.12
2026/01/13,02,25.79,92.55,0.19
2026/01/13,03,25.75,92.68,0.34
2026/01/13,04,25.72,92.54,0.56
2026/01/13,05,25.71,92.3,0.8
2026/01/13,06,25.89,91.25,0.88
2026/01/13,07,26.71,88.0,0.96
2026/01/13,08,27.51,82.59,0.87
2026/01/13,09,28.37,76.15,0.61
2026/01/13,10,29.01,72.67,0.46
2026/01/13,11,29.48,69.61,0.29
2026/01/13,12,29.67,69.13,0.15
2026/01/13,13,29.64,69.86,0.23
2026/01/13,14,29.46,71.2,0.18
2026/01/13,15,29.13,73.03,0.18
2026/01/13,16,28.58,75.55,0.13
2026/01/13,17,27.67,80.62,0.1
2026/01/13,18,27.05,83.97,0.15
2026/01/13,19,26.84,85.08,0.16
2026/01/13,20,26.67,85.86,0.22
2026/01/13,21,26.54,86.35,0.16
2026/01/13,22,26.41,86.84,0.27
2026/01/13,23,26.28,87.36,0.4
2026/01/14,00,26.11,88.18,0.62
2026/01/14,01,25.97,88.94,0.9
2026/01/14,02,25.86,89.58,1.0
2026/01/14,03,25.79,90.16,1.28
2026/01/14,04,25.72,90.82,1.54
2026/01/14,05,25.67,91.4,1.69
2026/01/14,06,25.88,91.02,2.23
2026/01/14,07,26.53,88.63,2.69
2026/01/14,08,27.43,83.37,1.77
2026/01/14,09,28.26,78.67,1.58
2026/01/14,10,28.83,77.06,1.0
2026/01/14,11,29.31,74.74,0.85
2026/01/14,12,29.68,72.52,0.62
2026/01/14,13,29.86,71.32,0.32
2026/01/14,14,29.88,71.45,0.18
2026/01/14,15,29.67,72.87,0.14
2026/01/14,16,29.15,76.55,0.1
2026/01/14,17,28.29,81.83,0.14
2026/01/14,18,27.57,85.14,0.16
2026/01/14,19,27.27,87.03,0.25
2026/01/14,20,27.05,88.66,0.31
2026/01/14,21,26.87,89.84,0.36
2026/01/14,22,26.72,90.76,0.52
2026/01/14,23,26.57,91.46,0.79
2026/01/15,00,26.45,91.78,0.84
2026/01/15,01,26.34,91.85,1.19
2026/01/15,02,26.24,91.89,1.85
2026/01/15,03,26.17,91.82,2.29
2026/01/15,04,26.09,91.87,3.08
2026/01/15,05,26.01,91.92,3.63
2026/01/15,06,26.17,91.15,3.6
2026/01/15,07,26.8,88.47,3.39
2026/01/15,08,27.5,83.92,2.79
2026/01/15,09,28.13,80.22,2.29
2026/01/15,10,28.6,78.47,2.13
2026/01/15,11,28.94,77.09,2.11
2026/01/15,12,29.08,76.47,2.37
2026/01/15,13,29.02,76.91,1.79
2026/01/15,14,28.89,77.69,2.14
2026/01/15,15,28.61,79.25,1.75
2026/01/15,16,28.2,81.64,1.76
2026/01/15,17,27.62,85.31,2.14
2026/01/15,18,27.19,87.76,2.28
2026/01/15,19,27.08,88.49,2.48
2026/01/15,20,27.0,89.01,2.52
2026/01/15,21,26.9,89.57,2.69
2026/01/15,22,26.81,89.97,3.16
2026/01/15,23,26.74,90.16,2.96
2026/01/16,00,26.65,90.44,5.2
2026/01/16,01,26.56,90.67,3.47
2026/01/16,02,26.48,90.76,2.96
2026/01/16,03,26.4,90.91,2.54
2026/01/16,04,26.32,90.9,3.0
2026/01/16,05,26.28,90.68,2.74
2026/01/16,06,26.35,90.17,3.37
2026/01/16,07,26.8,88.96,3.48
2026/01/16,08,27.22,86.63,3.26
2026/01/16,09,27.75,83.39,2.8
2026/01/16,10,28.25,80.18,2.78
2026/01/16,11,28.53,79.22,2.73
2026/01/16,12,28.69,79.05,2.25
2026/01/16,13,28.75,78.93,2.38
2026/01/16,14,28.63,79.76,2.82
2026/01/16,15,28.43,81.08,2.59
2026/01/16,16,28.16,82.75,2.12
2026/01/16,17,27.66,85.83,2.0
2026/01/16,18,27.3,87.44,1.36
2026/01/16,19,27.19,88.2,1.5
2026/01/16,20,27.13,88.61,1.27
2026/01/16,21,27.02,89.2,1.24
2026/01/16,22,26.89,89.74,1.73
2026/01/16,23,26.76,90.27,2.3
2026/01/17,00,26.65,90.57,1.96
2026/01/17,01,26.53,90.87,1.53
2026/01/17,02,26.42,91.08,1.67
2026/01/17,03,26.3,91.35,1.39
2026/01/17,04,26.2,91.39,1.77
2026/01/17,05,26.12,91.34,2.07
2026/01/17,06,26.2,90.95,1.95
2026/01/17,07,26.74,89.29,2.29
2026/01/17,08,27.19,86.75,3.07
2026/01/17,09,27.58,83.59,2.98
2026/01/17,10,27.83,81.95,2.73
2026/01/17,11,28.02,81.21,2.81
2026/01/17,12,28.13,81.0,3.98
2026/01/17,13,28.19,80.82,4.41
2026/01/17,14,28.09,81.46,5.96
2026/01/17,15,28.01,82.21,5.63
2026/01/17,16,27.84,83.9,5.76
2026/01/17,17,27.41,86.61,5.73
2026/01/17,18,27.03,87.86,5.77
2026/01/17,19,26.94,88.34,5.89
2026/01/17,20,26.88,88.75,5.35
2026/01/17,21,26.79,89.4,3.97
2026/01/17,22,26.67,90.24,3.47
2026/01/17,23,26.55,90.98,3.18
2026/01/18,00,26.45,91.6,3.62
2026/01/18,01,26.33,92.29,2.59
2026/01/18,02,26.23,92.75,2.5
2026/01/18,03,26.17,92.79,2.9
2026/01/18,04,26.14,92.6,3.16
2026/01/18,05,26.11,92.34,3.18
2026/01/18,06,26.19,91.53,3.45
2026/01/18,07,26.68,89.54,4.19
2026/01/18,08,27.06,87.45,3.75
2026/01/18,09,27.43,85.07,2.74
2026/01/18,10,27.68,82.76,1.91
2026/01/18,11,27.82,81.32,2.07
2026/01/18,12,27.91,80.32,2.09
2026/01/18,13,27.9,80.13,2.14
2026/01/18,14,27.76,80.55,2.06
2026/01/18,15,27.56,81.38,0.76
2026/01/18,16,27.28,83.09,0.48
2026/01/18,17,26.85,85.8,0.42
2026/01/18,18,26.55,86.88,0.6
2026/01/18,19,26.45,87.29,0.61
2026/01/18,20,26.34,87.73,0.85
2026/01/18,21,26.23,88.51,1.26
2026/01/18,22,26.11,89.35,1.93
2026/01/18,23,26.0,90.22,2.25
2026/01/19,00,25.88,91.08,2.65
2026/01/19,01,25.73,91.82,2.46
2026/01/19,02,25.6,92.31,1.91
2026/01/19,03,25.52,92.4,1.8
2026/01/19,04,25.46,92.51,1.39
2026/01/19,05,25.4,92.63,1.32
2026/01/19,06,25.58,92.1,1.14
2026/01/19,07,26.3,89.63,1.2
2026/01/19,08,27.1,84.88,1.17
2026/01/19,09,27.88,79.79,1.15
2026/01/19,10,28.47,77.2,1.07
2026/01/19,11,28.98,74.98,0.96
2026/01/19,12,29.27,73.7,1.04
2026/01/19,13,29.3,73.9,0.95
2026/01/19,14,29.14,75.12,0.9
2026/01/19,15,28.88,76.99,0.63
2026/01/19,16,28.43,80.19,0.38
2026/01/19,17,27.74,84.94,0.56
2026/01/19,18,27.17,88.19,1.18
2026/01/19,19,26.97,89.45,1.37
2026/01/19,20,26.82,90.35,2.22
2026/01/19,21,26.7,91.02,2.87
2026/01/19,22,26.58,91.43,4.44
2026/01/19,23,26.46,91.71,4.78
2026/01/20,00,26.34,91.92,5.6
2026/01/20,01,26.23,92.13,7.54
2026/01/20,02,26.12,92.3,8.81
2026/01/20,03,26.02,92.46,9.05
2026/01/20,04,25.92,92.65,9.98
2026/01/20,05,25.82,92.91,10.22
2026/01/20,06,25.92,92.55,9.98
2026/01/20,07,26.45,90.45,9.35
2026/01/20,08,27.1,86.82,9.37
2026/01/20,09,27.77,82.6,7.14
2026/01/20,10,28.28,79.79,6.1
2026/01/20,11,28.66,78.17,5.76
2026/01/20,12,28.91,76.96,5.62
2026/01/20,13,28.99,76.52,6.78
2026/01/20,14,28.92,76.95,6.85
2026/01/20,15,28.67,78.5,6.49
2026/01/20,16,28.19,81.99,7.09
2026/01/20,17,27.52,86.4,9.52
2026/01/20,18,27.07,88.82,8.94
2026/01/20,19,26.94,89.63,10.08
2026/01/20,20,26.82,90.46,8.44
2026/01/20,21,26.65,91.43,9.39
2026/01/20,22,26.49,92.1,9.32
2026/01/20,23,26.33,92.66,9.0
2026/01/21,00,26.2,92.99,0.46
2026/01/21,01,26.08,93.16,0.35
2026/01/21,02,25.97,93.11,0.25
2026/01/21,03,25.89,92.78,0.23
2026/01/21,04,25.8,92.58,0.2
2026/01/21,05,25.71,92.51,0.29
2026/01/21,06,25.72,92.33,0.27
2026/01/21,07,26.13,90.59,0.27
2026/01/21,08,26.56,88.14,0.29
2026/01/21,09,27.13,84.21,0.29
2026/01/21,10,27.78,80.7,0.26
2026/01/21,11,28.38,78.56,0.28
2026/01/21,12,28.97,75.13,0.19
2026/01/21,13,29.45,71.78,0.14
2026/01/21,14,29.69,69.86,0.18
2026/01/21,15,29.56,70.99,0.22
2026/01/21,16,29.09,75.6,0.21
2026/01/21,17,28.14,82.56,0.22
2026/01/21,18,27.45,85.25,0.26
2026/01/21,19,27.11,87.45,0.29
2026/01/21,20,26.89,89.46,0.25
2026/01/21,21,26.73,90.84,0.26
2026/01/21,22,26.55,91.79,0.32
2026/01/21,23,26.38,92.44,0.27
2026/01/22,00,26.21,93.07,0.26
2026/01/22,01,26.08,93.54,0.28
2026/01/22,02,25.97,93.97,0.23
2026/01/22,03,25.91,94.05,0.28
2026/01/22,04,25.83,94.14,0.27
2026/01/22,05,25.75,93.96,0.31
2026/01/22,06,25.79,93.18,0.37
2026/01/22,07,26.28,89.79,0.36
2026/01/22,08,26.78,85.66,0.43
2026/01/22,09,27.39,80.79,0.39
2026/01/22,10,28.08,76.61,0.39
2026/01/22,11,28.85,71.13,0.34
2026/01/22,12,29.32,69.47,0.28
2026/01/22,13,29.55,69.57,0.24
2026/01/22,14,29.55,70.37,0.21
2026/01/22,15,29.3,72.55,0.15
2026/01/22,16,28.79,76.22,0.11
2026/01/22,17,27.97,81.76,0.06
2026/01/22,18,27.23,86.05,0.06
2026/01/22,19,26.96,88.12,0.05
2026/01/22,20,26.81,89.47,0.05
2026/01/22,21,26.68,90.23,0.04
2026/01/22,22,26.56,90.62,0.05
2026/01/22,23,26.43,91.08,0.05
2026/01/23,00,26.32,91.16,0.08
2026/01/23,01,26.24,91.08,0.12
2026/01/23,02,26.12,91.27,0.08
2026/01/23,03,26.06,91.2,0.09
2026/01/23,04,26.04,91.05,0.1
2026/01/23,05,26.08,90.53,0.1
2026/01/23,06,26.23,89.79,0.12
2026/01/23,07,26.7,87.82,0.16
2026/01/23,08,27.5,81.8,0.18
2026/01/23,09,28.31,76.76,0.17
2026/01/23,10,28.95,74.01,0.15
2026/01/23,11,29.4,71.08,0.16
2026/01/23,12,29.56,70.32,0.12
2026/01/23,13,29.52,70.64,0.08
2026/01/23,14,29.32,72.1,0.1
2026/01/23,15,28.94,74.57,0.08
2026/01/23,16,28.4,78.12,0.05
2026/01/23,17,27.67,83.02,0.03
2026/01/23,18,27.16,86.57,0.03
2026/01/23,19,26.99,88.09,0.02
2026/01/23,20,26.89,89.03,0.01
2026/01/23,21,26.79,89.62,0.02
2026/01/23,22,26.67,90.18,0.02
2026/01/23,23,26.58,90.58,0.03
2026/01/24,00,26.47,91.07,0.03
2026/01/24,01,26.37,91.22,0.04
2026/01/24,02,26.25,91.41,0.06
2026/01/24,03,26.1,91.8,0.06
2026/01/24,04,26.0,91.99,0.07
2026/01/24,05,25.96,91.9,0.09
2026/01/24,06,26.08,90.89,0.09
2026/01/24,07,26.9,87.12,0.07
2026/01/24,08,27.76,81.06,0.09
2026/01/24,09,28.7,73.96,0.08
2026/01/24,10,29.48,70.48,0.11
2026/01/24,11,30.21,65.77,0.12
2026/01/24,12,30.77,62.44,0.11
2026/01/24,13,30.93,62.31,0.14
2026/01/24,14,30.78,64.16,0.15
2026/01/24,15,30.52,66.12,0.22
2026/01/24,16,29.92,70.18,0.16
2026/01/24,17,28.82,77.77,0.14
2026/01/24,18,27.93,83.39,0.18
2026/01/24,19,27.64,85.96,0.12
2026/01/24,20,27.46,87.8,0.13
2026/01/24,21,27.31,89.0,0.12
2026/01/24,22,27.13,90.07,0.14
2026/01/24,23,26.97,90.85,0.15
2026/01/25,00,26.8,91.65,0.18
2026/01/25,01,26.63,92.54,0.16
2026/01/25,02,26.47,93.27,0.14
2026/01/25,03,26.33,93.75,0.18
2026/01/25,04,26.17,94.29,0.24
2026/01/25,05,26.01,94.97,0.24
2026/01/25,06,26.12,93.83,0.23
2026/01/25,07,26.69,90.0,0.35
2026/01/25,08,27.51,84.62,0.34
2026/01/25,09,28.26,77.57,0.27
2026/01/25,10,29.05,69.91,0.31
2026/01/25,11,29.73,65.35,0.24
2026/01/25,12,30.32,60.97,0.19
2026/01/25,13,30.53,60.78,0.16
2026/01/25,14,30.46,62.18,0.19
2026/01/25,15,30.13,64.81,0.16
2026/01/25,16,29.55,67.45,0.13
2026/01/25,17,28.23,77.65,0.12
2026/01/25,18,27.31,83.96,0.1
2026/01/25,19,27.01,86.85,0.14
2026/01/25,20,26.81,88.92,0.12
2026/01/25,21,26.64,90.13,0.14
2026/01/25,22,26.47,91.02,0.12
2026/01/25,23,26.32,91.7,0.1
2026/01/26,00,26.16,92.34,0.22
2026/01/26,01,25.99,93.03,0.19
2026/01/26,02,25.82,93.93,0.28
2026/01/26,03,25.66,94.48,0.3
2026/01/26,04,25.47,95.0,0.27
2026/01/26,05,25.28,95.37,0.3
2026/01/26,06,25.37,94.04,0.47
2026/01/26,07,26.02,90.12,0.65
2026/01/26,08,26.91,84.4,0.49
2026/01/26,09,27.84,77.26,0.44
2026/01/26,10,28.69,71.24,0.31
2026/01/26,11,29.42,67.28,0.2
2026/01/26,12,29.75,66.85,0.22
2026/01/26,13,29.81,66.71,0.17
2026/01/26,14,29.69,67.68,0.21
2026/01/26,15,29.41,69.59,0.15
2026/01/26,16,28.8,72.89,0.18
2026/01/26,17,27.85,80.83,0.14
2026/01/26,18,27.3,84.93,0.1
2026/01/26,19,27.15,86.66,0.1
2026/01/26,20,27.05,87.84,0.08
2026/01/26,21,26.92,88.92,0.1
2026/01/26,22,26.8,89.58,0.14
2026/01/26,23,26.67,90.06,0.14
2026/01/27,00,26.51,90.58,0.14
2026/01/27,01,26.28,91.48,0.12
2026/01/27,02,26.04,92.37,0.1
2026/01/27,03,25.78,93.22,0.12
2026/01/27,04,25.55,93.8,0.25
2026/01/27,05,25.33,94.28,0.28
2026/01/27,06,25.46,93.06,0.31
2026/01/27,07,26.35,88.48,0.35
2026/01/27,08,27.48,79.59,0.27
2026/01/27,09,28.54,71.25,0.27
2026/01/27,10,29.23,69.52,0.32
2026/01/27,11,29.9,65.54,0.2
2026/01/27,12,30.36,63.16,0.21
2026/01/27,13,30.52,62.69,0.24
2026/01/27,14,30.47,63.35,0.28
2026/01/27,15,30.18,64.77,0.18
2026/01/27,16,29.62,68.01,0.13
2026/01/27,17,28.55,74.49,0.07
2026/01/27,18,27.67,79.49,0.05
2026/01/27,19,27.37,82.12,0.04
2026/01/27,20,27.16,84.02,0.04
2026/01/27,21,26.97,85.6,0.05
2026/01/27,22,26.8,86.85,0.05
2026/01/27,23,26.63,88.08,0.08
2026/01/28,00,26.46,89.16,0.08
2026/01/28,01,26.29,90.1,0.13
2026/01/28,02,26.13,91.1,0.16
2026/01/28,03,25.99,91.85,0.23
2026/01/28,04,25.87,92.44,0.24
2026/01/28,05,25.78,92.8,0.19
2026/01/28,06,25.95,91.97,0.18
2026/01/28,07,26.87,87.71,0.18
2026/01/28,08,27.83,81.18,0.11
2026/01/28,09,28.76,74.78,0.17
2026/01/28,10,29.55,71.37,0.13
2026/01/28,11,30.1,69.29,0.1
2026/01/28,12,30.47,67.04,0.15
2026/01/28,13,30.57,66.34,0.12
2026/01/28,14,30.43,66.97,0.16
2026/01/28,15,30.13,68.17,0.12
2026/01/28,16,29.53,70.97,0.09
2026/01/28,17,28.54,76.58,0.07
2026/01/28,18,27.68,82.19,0.05
2026/01/28,19,27.37,84.59,0.06
2026/01/28,20,27.15,86.2,0.07
2026/01/28,21,26.95,87.55,0.04
2026/01/28,22,26.79,88.54,0.04
2026/01/28,23,26.63,89.43,0.1
2026/01/29,00,26.45,90.47,0.08
2026/01/29,01,26.29,91.32,0.1
2026/01/29,02,26.14,92.14,0.1
2026/01/29,03,26.03,92.59,0.09
2026/01/29,04,25.93,92.89,0.13
2026/01/29,05,25.88,92.98,0.14
2026/01/29,06,26.1,91.93,0.15
2026/01/29,07,27.04,87.48,0.23
2026/01/29,08,28.02,81.01,0.18
2026/01/29,09,28.87,76.06,0.25
2026/01/29,10,29.53,73.35,0.28
2026/01/29,11,30.2,69.17,0.34
2026/01/29,12,30.73,66.03,0.27
2026/01/29,13,30.96,65.14,0.27
2026/01/29,14,30.86,66.35,0.23
2026/01/29,15,30.54,68.68,0.19
2026/01/29,16,29.99,72.32,0.25
2026/01/29,17,29.01,78.94,0.33
2026/01/29,18,28.07,84.57,0.33
2026/01/29,19,27.69,87.43,0.44
2026/01/29,20,27.45,89.66,0.54
2026/01/29,21,27.28,91.01,0.56
2026/01/29,22,27.12,91.85,0.6
2026/01/29,23,27.0,92.03,0.7
2026/01/30,00,26.86,92.38,0.8
2026/01/30,01,26.73,92.68,0.86
2026/01/30,02,26.62,92.88,0.88
2026/01/30,03,26.54,92.91,0.86
2026/01/30,04,26.46,92.96,0.77
2026/01/30,05,26.38,93.03,0.81
2026/01/30,06,26.5,92.39,0.73
2026/01/30,07,27.0,89.87,0.84
2026/01/30,08,27.53,86.44,0.82
2026/01/30,09,27.98,83.21,0.97
2026/01/30,10,28.3,81.17,1.11
2026/01/30,11,28.6,79.64,1.28
2026/01/30,12,28.79,78.55,1.07
2026/01/30,13,28.93,77.62,0.93
2026/01/30,14,28.95,77.36,0.77
2026/01/30,15,28.93,77.47,0.56
2026/01/30,16,28.67,79.4,0.49
2026/01/30,17,28.04,83.85,0.55
2026/01/30,18,27.4,87.18,0.73
2026/01/30,19,27.2,88.71,0.59
2026/01/30,20,27.06,89.89,0.67
2026/01/30,21,26.93,90.96,0.85
2026/01/30,22,26.81,92.03,1.04
2026/01/30,23,26.71,92.89,0.99
2026/01/31,00,26.63,93.4,5.15
2026/01/31,01,26.56,93.64,5.77
2026/01/31,02,26.5,93.88,6.82
2026/01/31,03,26.42,94.21,5.65
2026/01/31,04,26.35,94.48,5.24
2026/01/31,05,26.32,94.57,4.26
2026/01/31,06,26.44,94.05,3.95
2026/01/31,07,26.94,92.2,3.8
2026/01/31,08,27.41,89.62,2.52
2026/01/31,09,27.91,86.25,2.25
2026/01/31,10,28.26,83.74,2.63
2026/01/31,11,28.53,81.96,2.46
2026/01/31,12,28.69,80.61,3.38
2026/01/31,13,28.68,79.91,4.1
2026/01/31,14,28.61,79.73,5.21
2026/01/31,15,28.48,80.04,4.57
2026/01/31,16,28.23,81.55,3.62
2026/01/31,17,27.7,84.99,3.28
2026/01/31,18,27.22,87.33,3.35
2026/01/31,19,27.06,88.3,3.32
2026/01/31,20,26.93,89.21,2.68
2026/01/31,21,26.82,89.96,2.03
2026/01/31,22,26.7,90.75,2.3
2026/01/31,23,26.56,91.59,2.07
2026/02/01,00,26.91,88.41,0.56
2026/02/01,01,26.76,88.97,0.23
2026/02/01,02,26.61,89.32,0.07
2026/02/01,03,26.48,89.55,0.16
2026/02/01,04,26.38,89.8,0.14
2026/02/01,05,26.32,89.94,0.25
2026/02/01,06,26.28,90.12,0.45
2026/02/01,07,26.76,88.16,0.31
2026/02/01,08,27.65,83.04,0.76
2026/02/01,09,28.58,77.82,0.61
2026/02/01,10,29.44,73.69,1.47
2026/02/01,11,30.04,71.28,0.73
2026/02/01,12,30.41,69.57,1.29
2026/02/01,13,30.55,68.83,1.08
2026/02/01,14,30.51,68.9,3.34
2026/02/01,15,30.11,70.38,5.54
2026/02/01,16,29.45,73.0,7.54
2026/02/01,17,28.65,76.63,6.89
2026/02/01,18,27.92,81.07,1.17
2026/02/01,19,27.5,84.47,0.31
2026/02/01,20,27.23,86.66,0.24
2026/02/01,21,27.03,88.08,0.32
2026/02/01,22,26.86,89.13,0.31
2026/02/01,23,26.69,90.07,0.36
2026/02/02,00,26.55,90.25,0.35
2026/02/02,01,26.42,90.53,0.47
2026/02/02,02,26.29,90.79,0.35
2026/02/02,03,26.2,90.67,0.67
2026/02/02,04,26.15,90.64,0.61
2026/02/02,05,26.13,90.5,0.48
2026/02/02,06,26.19,90.14,0.57
2026/02/02,07,26.62,88.14,0.51
2026/02/02,08,27.46,83.67,0.2
2026/02/02,09,28.45,78.14,0.38
2026/02/02,10,29.35,73.64,0.91
2026/02/02,11,30.0,71.6,1.14
2026/02/02,12,30.38,70.14,1.03
2026/02/02,13,30.53,69.4,2.61
2026/02/02,14,30.38,69.68,4.24
2026/02/02,15,29.99,70.82,3.9
2026/02/02,16,29.45,72.64,3.69
2026/02/02,17,28.82,75.49,2.87
2026/02/02,18,28.26,78.78,2.57
2026/02/02,19,27.9,81.51,1.31
2026/02/02,20,27.66,83.11,0.88
2026/02/02,21,27.43,84.51,0.87
2026/02/02,22,27.24,85.55,1.06
2026/02/02,23,27.08,86.4,1.05
2026/02/03,00,26.91,87.38,1.19
2026/02/03,01,26.76,88.22,1.14
2026/02/03,02,26.63,88.83,1.64
2026/02/03,03,26.5,89.18,2.24
2026/02/03,04,26.36,89.64,1.36
2026/02/03,05,26.24,90.01,0.8
2026/02/03,06,26.2,90.12,0.75
2026/02/03,07,26.77,87.79,0.42
2026/02/03,08,27.71,82.71,0.45
2026/02/03,09,28.7,77.71,0.52
2026/02/03,10,29.47,74.18,1.35
2026/02/03,11,30.12,71.74,1.13
2026/02/03,12,30.57,69.95,2.02
2026/02/03,13,30.72,68.97,3.82
2026/02/03,14,30.53,69.01,6.66
2026/02/03,15,30.08,70.3,6.45
2026/02/03,16,29.48,72.62,6.07
2026/02/03,17,28.85,75.8,3.86
2026/02/03,18,28.31,80.29,3.03
2026/02/03,19,27.99,82.93,2.26
2026/02/03,20,27.79,83.9,2.69
2026/02/03,21,27.58,84.66,3.23
2026/02/03,22,27.38,84.68,3.21
2026/02/03,23,27.11,85.36,4.31
2026/02/04,00,26.85,86.18,5.12
2026/02/04,01,26.62,86.45,3.36
2026/02/04,02,26.42,86.41,1.72
2026/02/04,03,26.22,86.45,1.19
2026/02/04,04,26.01,86.46,0.46
2026/02/04,05,25.84,86.32,0.0
2026/02/04,06,25.73,86.08,0.0
2026/02/04,07,26.22,83.24,0.0
2026/02/04,08,27.27,75.47,0.0
2026/02/04,09,28.62,67.77,0.0
2026/02/04,10,29.81,62.3,0.0
2026/02/04,11,30.74,58.64,0.0
2026/02/04,12,31.41,57.25,0.0
2026/02/04,13,31.82,56.51,0.0
2026/02/04,14,31.79,58.99,0.0
2026/02/04,15,31.46,61.1,0.84
2026/02/04,16,30.79,63.88,3.13
2026/02/04,17,29.7,67.42,1.41
2026/02/04,18,28.61,72.61,0.0
2026/02/04,19,27.92,77.92,0.0
2026/02/04,20,27.61,80.66,0.0
2026/02/04,21,27.35,82.51,0.0
2026/02/04,22,27.09,84.17,0.0
2026/02/04,23,26.83,85.46,0.0
2026/02/05,00,26.58,86.59,0.0
2026/02/05,01,26.36,87.41,0.0
2026/02/05,02,26.15,88.49,0.0
2026/02/05,03,26.0,89.18,0.0
2026/02/05,04,25.88,89.45,0.0
2026/02/05,05,25.75,90.23,0.0
2026/02/05,06,25.68,90.72,0.0
2026/02/05,07,26.25,88.14,0.01
2026/02/05,08,27.23,83.02,0.0
2026/02/05,09,28.27,77.17,0.0
2026/02/05,10,29.12,73.38,0.0
2026/02/05,11,29.65,71.78,0.1
2026/02/05,12,30.07,70.97,0.23
2026/02/05,13,30.38,70.09,0.1
2026/02/05,14,30.5,69.06,0.33
2026/02/05,15,30.33,69.28,2.27
2026/02/05,16,29.76,71.23,6.54
2026/02/05,17,28.9,75.16,9.12
2026/02/05,18,28.03,80.98,1.24
2026/02/05,19,27.59,84.76,0.13
2026/02/05,20,27.38,86.54,0.15
2026/02/05,21,27.22,87.7,0.48
2026/02/05,22,27.07,88.7,0.55
2026/02/05,23,26.92,89.75,0.44
2026/02/06,00,26.78,90.48,0.32
2026/02/06,01,26.66,90.52,0.27
2026/02/06,02,26.53,90.77,0.2
2026/02/06,03,26.41,91.23,0.28
2026/02/06,04,26.31,91.46,0.22
2026/02/06,05,26.25,91.69,0.06
2026/02/06,06,26.26,91.27,0.11
2026/02/06,07,26.76,88.39,0.14
2026/02/06,08,27.75,82.1,0.17
2026/02/06,09,28.72,76.59,0.05
2026/02/06,10,29.55,72.74,0.04
2026/02/06,11,30.16,70.39,0.39
2026/02/06,12,30.49,68.69,0.35
2026/02/06,13,30.67,67.56,0.48
2026/02/06,14,30.65,67.37,0.83
2026/02/06,15,30.36,68.22,3.59
2026/02/06,16,29.77,70.2,8.75
2026/02/06,17,28.96,73.81,6.29
2026/02/06,18,28.28,77.73,1.54
2026/02/06,19,27.96,80.08,0.35
2026/02/06,20,27.75,81.73,0.23
2026/02/06,21,27.57,82.96,0.37
2026/02/06,22,27.4,83.64,0.55
2026/02/06,23,27.22,84.08,0.94
2026/02/07,00,27.03,84.58,1.13
2026/02/07,01,26.83,85.28,1.04
2026/02/07,02,26.64,86.04,1.45
2026/02/07,03,26.49,86.63,0.76
2026/02/07,04,26.38,87.12,0.29
2026/02/07,05,26.27,87.73,0.19
2026/02/07,06,26.22,88.13,0.1
2026/02/07,07,26.79,85.79,0.03
2026/02/07,08,27.7,80.48,0.02
2026/02/07,09,28.64,75.11,0.03
2026/02/07,10,29.47,71.38,0.04
2026/02/07,11,30.05,69.78,0.05
2026/02/07,12,30.4,68.44,0.66
2026/02/07,13,30.53,67.62,1.51
2026/02/07,14,30.47,67.59,1.81
2026/02/07,15,30.21,68.03,2.21
2026/02/07,16,29.69,69.73,5.49
2026/02/07,17,28.93,72.46,18.54
2026/02/07,18,28.18,76.09,9.01
2026/02/07,19,27.79,79.33,0.81
2026/02/07,20,27.58,81.09,0.03
2026/02/07,21,27.39,82.41,0.17
2026/02/07,22,27.18,83.78,0.18
2026/02/07,23,26.95,85.15,0.19
2026/02/08,00,26.71,86.66,0.23
2026/02/08,01,26.49,88.06,0.23
2026/02/08,02,26.3,89.11,0.25
2026/02/08,03,26.15,90.18,0.18
2026/02/08,04,26.02,90.88,0.06
2026/02/08,05,25.93,91.51,0.06
2026/02/08,06,25.95,91.51,0.07
2026/02/08,07,26.47,89.07,0.07
2026/02/08,08,27.4,84.05,0.02
2026/02/08,09,28.45,78.36,0.09
2026/02/08,10,29.38,73.53,0.13
2026/02/08,11,30.08,70.87,0.12
2026/02/08,12,30.55,69.01,0.3
2026/02/08,13,30.83,67.83,0.5
2026/02/08,14,30.9,67.44,0.4
2026/02/08,15,30.72,68.26,0.99
2026/02/08,16,30.19,70.18,5.81
2026/02/08,17,29.3,73.85,8.21
2026/02/08,18,28.37,78.98,3.93
2026/02/08,19,27.84,82.81,0.91
2026/02/08,20,27.62,84.81,0.64
2026/02/08,21,27.44,86.49,0.93
2026/02/08,22,27.27,87.72,1.45
2026/02/08,23,27.12,88.7,1.65
2026/02/09,00,27.0,89.21,1.95
2026/02/09,01,26.87,89.68,1.76
2026/02/09,02,26.74,90.21,1.58
2026/02/09,03,26.63,90.56,1.22
2026/02/09,04,26.53,90.86,0.6
2026/02/09,05,26.45,91.33,0.3
2026/02/09,06,26.48,91.02,0.42
2026/02/09,07,26.83,89.32,0.4
2026/02/09,08,27.62,84.92,0.27
2026/02/09,09,28.54,79.53,0.36
2026/02/09,10,29.29,75.61,0.25
2026/02/09,11,29.87,73.02,0.31
2026/02/09,12,30.32,71.13,0.73
2026/02/09,13,30.6,69.65,1.5
2026/02/09,14,30.64,69.17,4.03
2026/02/09,15,30.32,70.1,7.46
2026/02/09,16,29.65,72.67,8.03
2026/02/09,17,28.79,77.16,6.2
2026/02/09,18,28.09,81.88,3.42
2026/02/09,19,27.79,84.27,1.83
2026/02/09,20,27.65,85.35,1.86
2026/02/09,21,27.53,86.02,2.44
2026/02/09,22,27.41,86.44,2.62
2026/02/09,23,27.28,86.87,2.54
2026/02/10,00,27.12,87.47,2.85
2026/02/10,01,26.96,88.1,3.87
2026/02/10,02,26.78,88.49,3.29
2026/02/10,03,26.61,88.96,1.84
2026/02/10,04,26.5,89.29,0.98
2026/02/10,05,26.45,89.6,1.02
2026/02/10,06,26.46,89.47,1.01
2026/02/10,07,26.99,87.17,1.14
2026/02/10,08,27.92,81.59,0.78
2026/02/10,09,28.85,75.88,1.32
2026/02/10,10,29.53,72.57,1.8
2026/02/10,11,30.01,70.87,0.69
2026/02/10,12,30.3,69.39,0.83
2026/02/10,13,30.39,68.68,1.21
2026/02/10,14,30.31,68.78,4.36
2026/02/10,15,29.93,70.11,6.3
2026/02/10,16,29.34,72.44,5.12
2026/02/10,17,28.59,76.15,4.79
2026/02/10,18,27.84,80.66,3.7
2026/02/10,19,27.39,83.82,2.15
2026/02/10,20,27.21,85.14,1.36
2026/02/10,21,27.1,85.88,1.63
2026/02/10,22,26.96,86.5,1.92
2026/02/10,23,26.77,87.09,1.94
2026/02/11,00,26.57,87.6,2.22
2026/02/11,01,26.38,88.29,1.73
2026/02/11,02,26.25,88.91,0.84
2026/02/11,03,26.16,89.35,0.37
2026/02/11,04,26.09,89.68,0.0
2026/02/11,05,26.03,89.89,0.0
2026/02/11,06,26.04,89.7,0.0
2026/02/11,07,26.52,87.5,0.0
2026/02/11,08,27.24,83.51,0.0
2026/02/11,09,28.05,79.2,0.16
2026/02/11,10,28.78,75.42,0.12
2026/02/11,11,29.38,72.79,0.1
2026/02/11,12,29.77,70.68,0.22
2026/02/11,13,30.05,68.81,0.22
2026/02/11,14,30.0,68.45,3.36
2026/02/11,15,29.63,69.39,5.26
2026/02/11,16,29.13,71.14,4.62
2026/02/11,17,28.41,74.1,5.38
2026/02/11,18,27.74,77.91,2.89
2026/02/11,19,27.36,80.81,1.57
2026/02/11,20,27.16,81.87,0.13
2026/02/11,21,26.99,82.69,0.04
2026/02/11,22,26.83,83.51,0.02
2026/02/11,23,26.66,84.22,0.0
2026/02/12,00,26.46,84.92,0.01
2026/02/12,01,26.29,85.64,0.0
2026/02/12,02,26.16,86.31,0.0
2026/02/12,03,26.08,86.82,0.0
2026/02/12,04,26.02,87.21,0.02
2026/02/12,05,25.95,87.89,0.09
2026/02/12,06,25.92,88.35,0.05
2026/02/12,07,26.51,86.17,0.08
2026/02/12,08,27.39,81.68,0.02
2026/02/12,09,28.25,77.24,0.03
2026/02/12,10,29.06,73.8,0.09
2026/02/12,11,29.61,72.18,0.06
2026/02/12,12,29.9,71.1,0.06
2026/02/12,13,30.02,70.24,0.05
2026/02/12,14,29.93,70.19,0.0
2026/02/12,15,29.61,71.0,0.07
2026/02/12,16,29.11,72.57,0.25
2026/02/12,17,28.48,74.94,0.51
2026/02/12,18,27.79,78.51,2.08
2026/02/12,19,27.4,81.16,0.22
2026/02/12,20,27.19,82.8,0.03
2026/02/12,21,27.0,84.16,0.04
2026/02/12,22,26.83,85.23,0.23
2026/02/12,23,26.67,86.13,0.24
2026/02/13,00,26.51,86.84,0.47
2026/02/13,01,26.37,87.28,0.4
2026/02/13,02,26.25,87.46,0.29
2026/02/13,03,26.12,87.85,0.45
2026/02/13,04,25.97,88.51,0.68
2026/02/13,05,25.83,89.16,0.52
2026/02/13,06,25.76,89.56,0.25
2026/02/13,07,26.28,87.07,0.14
2026/02/13,08,27.19,82.23,0.0
2026/02/13,09,28.08,77.46,0.0
2026/02/13,10,28.75,73.83,0.0
2026/02/13,11,29.38,70.63,0.01
2026/02/13,12,29.88,67.69,0.03
2026/02/13,13,30.22,65.8,0.31
2026/02/13,14,30.37,65.23,0.53
2026/02/13,15,30.08,66.62,1.15
2026/02/13,16,29.54,69.08,2.79
2026/02/13,17,28.77,72.96,5.3
2026/02/13,18,27.99,77.8,3.76
2026/02/13,19,27.61,80.88,0.1
2026/02/13,20,27.44,82.17,0.3
2026/02/13,21,27.29,83.16,0.36
2026/02/13,22,27.15,83.96,0.53
2026/02/13,23,27.01,84.57,0.68
2026/02/14,00,26.87,84.83,0.99
2026/02/14,01,26.75,85.1,0.86
2026/02/14,02,26.6,85.62,0.59
2026/02/14,03,26.48,85.95,0.95
2026/02/14,04,26.39,86.2,1.11
2026/02/14,05,26.3,86.62,1.19
2026/02/14,06,26.27,86.84,1.18
2026/02/14,07,26.83,84.34,1.25
2026/02/14,08,27.7,79.72,0.97
2026/02/14,09,28.57,75.7,0.41
2026/02/14,10,29.37,72.35,0.53
2026/02/14,11,30.0,70.44,0.8
2026/02/14,12,30.39,69.03,1.27
2026/02/14,13,30.62,68.03,2.37
2026/02/14,14,30.48,68.45,5.17
2026/02/14,15,30.1,69.68,7.3
2026/02/14,16,29.5,71.92,7.4
2026/02/14,17,28.76,75.16,4.55
2026/02/14,18,28.11,78.48,1.93
2026/02/14,19,27.73,80.83,0.47
2026/02/14,20,27.5,82.26,0.0
2026/02/14,21,27.31,83.17,0.1
2026/02/14,22,27.09,84.34,0.24
2026/02/14,23,26.82,85.66,0.17
2026/02/15,00,26.52,87.0,0.06
2026/02/15,01,26.28,87.95,0.05
2026/02/15,02,26.11,88.62,0.05
2026/02/15,03,25.99,89.11,0.03
2026/02/15,04,25.9,89.28,0.03
2026/02/15,05,25.85,89.16,0.02
2026/02/15,06,25.9,88.66,0.04
2026/02/15,07,26.38,86.33,0.09
2026/02/15,08,27.29,81.5,0.05
2026/02/15,09,28.35,76.2,0.03
2026/02/15,10,29.33,71.32,0.11
2026/02/15,11,29.94,68.1,1.48
2026/02/15,12,30.27,65.77,5.11
2026/02/15,13,30.35,64.04,3.56
2026/02/15,14,30.34,63.05,0.6
2026/02/15,15,30.23,63.29,1.12
2026/02/15,16,29.86,65.17,1.62
2026/02/15,17,29.08,69.41,3.77
2026/02/15,18,28.14,75.09,1.61
2026/02/15,19,27.62,79.4,0.0
2026/02/15,20,27.35,81.81,0.0
2026/02/15,21,27.18,82.98,0.0
2026/02/15,22,27.05,83.69,0.0
2026/02/15,23,26.92,84.47,0.0
2026/02/16,00,26.77,85.42,0.0
2026/02/16,01,26.62,86.48,0.0
2026/02/16,02,26.49,87.39,0.0
2026/02/16,03,26.39,88.1,0.0
2026/02/16,04,26.29,88.81,0.0
2026/02/16,05,26.19,89.34,0.0
2026/02/16,06,26.13,89.65,0.07
2026/02/16,07,26.74,86.7,0.09
2026/02/16,08,27.64,81.7,0.04
2026/02/16,09,28.57,76.78,0.03
2026/02/16,10,29.45,72.19,0.0
2026/02/16,11,30.15,68.27,0.03
2026/02/16,12,30.7,64.51,0.95
2026/02/16,13,31.06,62.42,2.81
2026/02/16,14,31.05,63.39,3.56
2026/02/16,15,30.67,65.91,10.2
2026/02/16,16,29.86,69.01,15.82
2026/02/16,17,28.89,74.09,5.39
2026/02/16,18,28.15,79.16,0.92
2026/02/16,19,27.8,82.11,0.18
2026/02/16,20,27.61,83.59,0.17
2026/02/16,21,27.43,84.9,0.31
2026/02/16,22,27.24,85.97,0.29
2026/02/16,23,27.06,86.67,0.28
2026/02/17,00,26.86,87.26,0.17
2026/02/17,01,26.67,87.98,0.03
2026/02/17,02,26.52,88.75,0.01
2026/02/17,03,26.39,89.43,0.02
2026/02/17,04,26.29,89.8,0.03
2026/02/17,05,26.21,90.0,0.06
2026/02/17,06,26.15,89.91,0.04
2026/02/17,07,26.75,86.84,0.03
2026/02/17,08,27.71,81.23,0.09
2026/02/17,09,28.67,75.71,0.03
2026/02/17,10,29.58,70.96,0.01
2026/02/17,11,30.34,67.32,0.04
2026/02/17,12,30.92,64.16,0.46
2026/02/17,13,31.28,61.91,1.22
2026/02/17,14,31.29,62.08,1.18
2026/02/17,15,30.94,64.07,2.79
2026/02/17,16,30.15,67.21,12.5
2026/02/17,17,29.08,72.05,11.91
2026/02/17,18,28.2,78.28,2.09
2026/02/17,19,27.82,81.63,0.06
2026/02/17,20,27.64,83.1,0.06
2026/02/17,21,27.47,84.3,0.01
2026/02/17,22,27.28,85.47,0.0
2026/02/17,23,27.11,86.22,0.01
2026/02/18,00,26.96,86.49,0.12
2026/02/18,01,26.79,86.88,0.15
2026/02/18,02,26.61,87.77,0.08
2026/02/18,03,26.46,88.43,0.08
2026/02/18,04,26.31,89.06,0.12
2026/02/18,05,26.18,89.46,0.09
2026/02/18,06,26.12,89.49,0.0
2026/02/18,07,26.56,86.98,0.02
2026/02/18,08,27.36,81.93,0.06
2026/02/18,09,28.35,75.51,0.16
2026/02/18,10,29.31,69.96,0.18
2026/02/18,11,30.07,66.21,0.16
2026/02/18,12,30.58,65.82,0.01
2026/02/18,13,30.99,64.03,0.12
2026/02/18,14,31.14,62.96,0.22
2026/02/18,15,30.89,64.11,1.24
2026/02/18,16,30.26,66.88,5.53
2026/02/18,17,29.34,71.01,7.63
2026/02/18,18,28.47,76.33,0.98
2026/02/18,19,27.96,80.59,0.73
2026/02/18,20,27.7,82.6,0.15
2026/02/18,21,27.54,84.09,0.19
2026/02/18,22,27.41,84.96,0.32
2026/02/18,23,27.28,85.77,0.29
2026/02/19,00,27.12,86.42,0.17
2026/02/19,01,26.95,87.13,0.17
2026/02/19,02,26.81,87.68,0.07
2026/02/19,03,26.68,88.35,0.05
2026/02/19,04,26.59,88.76,0.05
2026/02/19,05,26.49,89.08,0.04
2026/02/19,06,26.44,89.1,0.03
2026/02/19,07,26.91,86.89,0.07
2026/02/19,08,27.66,82.47,0.2
2026/02/19,09,28.58,77.55,0.21
2026/02/19,10,29.54,72.02,0.24
2026/02/19,11,30.35,67.5,0.82
2026/02/19,12,30.8,65.89,1.83
2026/02/19,13,31.07,64.57,2.02
2026/02/19,14,31.07,64.23,3.34
2026/02/19,15,30.74,65.77,4.45
2026/02/19,16,29.99,68.95,9.97
2026/02/19,17,29.01,74.06,11.89
2026/02/19,18,28.11,80.07,6.03
2026/02/19,19,27.67,83.95,0.89
2026/02/19,20,27.5,85.42,0.38
2026/02/19,21,27.41,86.23,0.26
2026/02/19,22,27.29,86.94,0.25
2026/02/19,23,27.18,87.44,0.28
2026/02/20,00,27.04,87.88,0.26
2026/02/20,01,26.91,88.16,0.21
2026/02/20,02,26.78,88.61,0.26
2026/02/20,03,26.67,89.04,0.16
2026/02/20,04,26.57,89.41,0.1
2026/02/20,05,26.48,89.72,0.03
2026/02/20,06,26.44,89.91,0.0
2026/02/20,07,26.91,87.61,0.05
2026/02/20,08,27.66,83.16,0.22
2026/02/20,09,28.54,78.12,0.33
2026/02/20,10,29.4,73.54,0.32
2026/02/20,11,30.07,70.49,0.16
2026/02/20,12,30.5,68.81,0.22
2026/02/20,13,30.73,67.29,1.31
2026/02/20,14,30.72,66.5,1.09
2026/02/20,15,30.5,66.91,2.43
2026/02/20,16,29.9,69.18,7.49
2026/02/20,17,29.0,73.3,5.04
2026/02/20,18,28.17,78.77,0.32
2026/02/20,19,27.75,82.77,0.12
2026/02/20,20,27.56,84.62,0.22
2026/02/20,21,27.42,85.87,0.24
2026/02/20,22,27.28,86.73,0.27
2026/02/20,23,27.17,87.03,0.1
2026/02/21,00,27.06,87.33,0.03
2026/02/21,01,26.93,87.89,0.0
2026/02/21,02,26.78,88.55,0.0
2026/02/21,03,26.65,89.09,0.0
2026/02/21,04,26.55,89.49,0.01
2026/02/21,05,26.46,89.83,0.01
2026/02/21,06,26.43,89.74,0.03
2026/02/21,07,26.9,87.37,0.09
2026/02/21,08,27.51,83.53,0.21
2026/02/21,09,28.31,79.34,0.24
2026/02/21,10,29.34,73.37,0.18
2026/02/21,11,30.16,69.44,0.19
2026/02/21,12,30.7,67.28,0.27
2026/02/21,13,31.06,66.06,0.21
2026/02/21,14,31.23,64.71,0.48
2026/02/21,15,31.06,64.76,1.68
2026/02/21,16,30.35,67.11,6.12
2026/02/21,17,29.34,71.43,3.56
2026/02/21,18,28.52,77.09,0.0
2026/02/21,19,28.05,81.37,0.28
2026/02/21,20,27.81,83.46,0.18
2026/02/21,21,27.64,84.8,0.35
2026/02/21,22,27.49,85.93,0.37
2026/02/21,23,27.36,86.68,0.36
2026/02/22,00,27.22,87.43,0.81
2026/02/22,01,27.09,87.75,0.98
2026/02/22,02,26.96,88.18,0.5
2026/02/22,03,26.87,88.42,0.27
2026/02/22,04,26.78,88.71,0.13
2026/02/22,05,26.7,89.06,0.1
2026/02/22,06,26.67,89.14,0.03
2026/02/22,07,27.02,87.26,0.21
2026/02/22,08,27.62,83.34,0.15
2026/02/22,09,28.37,78.84,0.04
2026/02/22,10,29.15,74.58,0.18
2026/02/22,11,29.83,71.02,0.31
2026/02/22,12,30.44,67.68,0.18
2026/02/22,13,30.85,65.87,0.4
2026/02/22,14,30.99,65.12,1.34
2026/02/22,15,30.92,64.67,0.98
2026/02/22,16,30.48,66.75,2.45
2026/02/22,17,29.65,70.5,5.94
2026/02/22,18,28.77,75.92,4.43
2026/02/22,19,28.2,80.65,0.34
2026/02/22,20,27.96,82.92,0.1
2026/02/22,21,27.81,84.25,0.18
2026/02/22,22,27.68,85.21,0.04
2026/02/22,23,27.57,85.89,0.16
2026/02/23,00,27.44,86.28,0.46
2026/02/23,01,27.31,86.76,0.75
2026/02/23,02,27.17,87.4,0.21
2026/02/23,03,27.04,87.96,0.03
2026/02/23,04,26.94,88.33,0.04
2026/02/23,05,26.87,88.49,0.23
2026/02/23,06,26.88,88.24,0.3
2026/02/23,07,27.32,85.75,0.34
2026/02/23,08,27.99,81.34,0.19
2026/02/23,09,28.81,76.72,0.03
2026/02/23,10,29.66,72.51,0.01
2026/02/23,11,30.33,69.41,0.02
2026/02/23,12,30.82,67.24,0.11
2026/02/23,13,31.19,65.51,0.24
2026/02/23,14,31.34,64.88,1.09
2026/02/23,15,31.18,65.34,3.67
2026/02/23,16,30.52,67.71,5.73
2026/02/23,17,29.45,73.14,9.47
2026/02/23,18,28.59,78.79,3.34
2026/02/23,19,28.23,81.93,0.44
2026/02/23,20,28.08,83.26,0.38
2026/02/23,21,27.94,84.23,1.0
2026/02/23,22,27.79,84.92,1.39
2026/02/23,23,27.63,85.6,1.39
2026/02/24,00,27.5,85.96,1.28
2026/02/24,01,27.39,85.93,1.38
2026/02/24,02,27.28,85.78,1.65
2026/02/24,03,27.15,85.97,1.76
2026/02/24,04,27.03,86.24,1.75
2026/02/24,05,26.95,86.51,1.17
2026/02/24,06,26.91,86.58,0.77
2026/02/24,07,27.39,84.25,0.57
2026/02/24,08,28.12,79.83,0.23
2026/02/24,09,29.02,75.43,0.13
2026/02/24,10,29.87,71.65,0.14
2026/02/24,11,30.55,68.53,0.39
2026/02/24,12,31.0,66.84,0.47
2026/02/24,13,31.26,66.29,1.7
2026/02/24,14,31.26,66.09,4.61
2026/02/24,15,30.9,67.0,9.68
2026/02/24,16,30.13,69.73,16.01
2026/02/24,17,29.12,74.39,14.63
2026/02/24,18,28.33,79.4,3.89
2026/02/24,19,28.02,81.83,1.77
2026/02/24,20,27.84,83.18,1.27
2026/02/24,21,27.72,83.86,1.73
2026/02/24,22,27.58,83.99,2.04
2026/02/24,23,27.43,84.14,1.56
2026/02/25,00,27.28,84.1,1.51
2026/02/25,01,27.12,84.73,1.31
2026/02/25,02,26.98,85.5,0.99
2026/02/25,03,26.82,86.11,0.89
2026/02/25,04,26.65,86.59,0.78
2026/02/25,05,26.48,86.97,0.41
2026/02/25,06,26.4,87.26,0.23
2026/02/25,07,26.93,84.8,0.44
2026/02/25,08,27.74,79.97,0.79
2026/02/25,09,28.65,75.15,0.41
2026/02/25,10,29.53,70.43,0.28
2026/02/25,11,30.28,66.94,1.51
2026/02/25,12,30.74,65.1,5.47
2026/02/25,13,30.93,63.07,3.49
2026/02/25,14,30.85,62.72,3.96
2026/02/25,15,30.39,64.75,10.79
2026/02/25,16,29.52,68.78,15.45
2026/02/25,17,28.56,74.38,11.21
2026/02/25,18,27.88,79.56,1.17
2026/02/25,19,27.61,82.07,0.03
2026/02/25,20,27.49,83.16,0.07
2026/02/25,21,27.37,83.99,0.37
2026/02/25,22,27.22,84.72,0.19
2026/02/25,23,27.09,84.93,0.04
2026/02/26,00,26.95,85.26,0.01
2026/02/26,01,26.82,85.32,0.02
2026/02/26,02,26.72,85.4,0.05
2026/02/26,03,26.6,85.65,0.03
2026/02/26,04,26.51,85.74,0.03
2026/02/26,05,26.43,85.8,0.07
2026/02/26,06,26.42,85.77,0.12
2026/02/26,07,26.91,83.66,0.02
2026/02/26,08,27.66,79.53,0.01
2026/02/26,09,28.44,76.1,0.02
2026/02/26,10,29.22,72.79,0.01
2026/02/26,11,29.92,69.3,0.02
2026/02/26,12,30.44,66.01,2.93
2026/02/26,13,30.56,64.36,3.72
2026/02/26,14,30.52,64.01,2.01
2026/02/26,15,30.16,65.48,3.2
2026/02/26,16,29.62,68.09,3.72
2026/02/26,17,28.95,71.63,4.35
2026/02/26,18,28.36,75.56,1.73
2026/02/26,19,28.06,78.42,0.19
2026/02/26,20,27.91,79.99,0.14
2026/02/26,21,27.77,81.04,0.33
2026/02/26,22,27.63,81.58,0.64
2026/02/26,23,27.48,82.08,1.33
2026/02/27,00,27.33,82.56,1.53
2026/02/27,01,27.2,83.04,1.6
2026/02/27,02,27.1,83.33,1.43
2026/02/27,03,27.01,83.56,1.28
2026/02/27,04,26.91,83.74,1.47
2026/02/27,05,26.82,84.1,0.84
2026/02/27,06,26.79,84.09,0.49
2026/02/27,07,27.37,81.45,0.26
2026/02/27,08,28.16,76.73,0.29
2026/02/27,09,28.99,72.74,0.85
2026/02/27,10,29.75,69.74,0.5
2026/02/27,11,30.33,67.29,0.34
2026/02/27,12,30.69,65.56,0.2
2026/02/27,13,30.89,64.53,0.58
2026/02/27,14,30.8,64.94,4.74
2026/02/27,15,30.23,66.29,14.3
2026/02/27,16,29.21,69.81,18.99
2026/02/27,17,28.17,74.48,16.29
2026/02/27,18,27.56,77.61,2.72
2026/02/27,19,27.3,79.54,2.03
2026/02/27,20,27.15,80.57,0.45
2026/02/27,21,27.0,81.15,0.8
2026/02/27,22,26.86,81.34,0.0
2026/02/27,23,26.76,81.37,0.54
2026/02/28,00,26.69,81.56,2.7
2026/02/28,01,26.59,82.09,3.26
2026/02/28,02,26.48,82.8,1.65
2026/02/28,03,26.39,83.29,0.09
2026/02/28,04,26.3,83.94,0.0
2026/02/28,05,26.25,84.43,0.14
2026/02/28,06,26.27,84.59,0.77
2026/02/28,07,26.83,82.25,1.15
2026/02/28,08,27.66,78.04,0.92
2026/02/28,09,28.48,74.05,0.09
2026/02/28,10,29.31,70.2,0.78
2026/02/28,11,30.07,66.55,1.29
2026/02/28,12,30.56,64.92,0.29
2026/02/28,13,30.87,64.17,0.66
2026/02/28,14,30.92,64.13,1.88
2026/02/28,15,30.73,64.96,3.23
2026/02/28,16,30.13,66.71,12.77
2026/02/28,17,29.14,70.84,5.7
2026/02/28,18,28.31,75.87,3.85
2026/02/28,19,27.86,79.28,8.68
2026/02/28,20,27.63,81.03,4.3
2026/02/28,21,27.46,81.93,0.7
2026/02/28,22,27.31,82.55,0.65
2026/02/28,23,27.17,83.28,0.24
2026/03/01,00,27.05,83.82,0.52
2026/03/01,01,26.92,84.33,0.44
2026/03/01,02,26.78,84.91,0.78
2026/03/01,03,26.68,85.4,0.45
2026/03/01,04,26.6,85.89,0.04
2026/03/01,05,26.52,86.23,0.05
2026/03/01,06,26.5,86.34,0.19
2026/03/01,07,27.02,83.76,0.37
2026/03/01,08,27.81,79.01,2.36
2026/03/01,09,28.73,73.65,0.53
2026/03/01,10,29.64,69.33,0.41
2026/03/01,11,30.41,66.36,1.14
2026/03/01,12,30.85,64.94,1.7
2026/03/01,13,30.95,64.87,6.14
2026/03/01,14,30.65,65.96,11.56
2026/03/01,15,30.03,68.14,14.83
2026/03/01,16,29.33,71.13,13.72
2026/03/01,17,28.63,74.93,3.28
2026/03/01,18,28.15,78.29,0.05
2026/03/01,19,27.9,80.33,0.22
2026/03/01,20,27.74,81.67,0.35
2026/03/01,21,27.58,82.54,0.38
2026/03/01,22,27.43,83.33,0.31
2026/03/01,23,27.28,84.1,0.42
2026/03/02,00,27.11,84.79,0.6
2026/03/02,01,26.94,85.35,0.42
2026/03/02,02,26.77,85.94,0.48
2026/03/02,03,26.63,86.32,0.61
2026/03/02,04,26.52,86.77,0.57
2026/03/02,05,26.45,87.04,0.68
2026/03/02,06,26.46,86.83,0.77
2026/03/02,07,26.91,84.57,0.46
2026/03/02,08,27.82,79.17,0.79
2026/03/02,09,28.78,73.9,1.13
2026/03/02,10,29.61,70.08,2.28
2026/03/02,11,30.27,67.38,2.7
2026/03/02,12,30.79,65.58,2.22
2026/03/02,13,31.06,65.36,1.27
2026/03/02,14,31.04,65.91,1.72
2026/03/02,15,30.71,67.0,6.93
2026/03/02,16,30.05,69.15,9.94
2026/03/02,17,29.15,73.2,9.71
2026/03/02,18,28.47,77.19,4.01
2026/03/02,19,28.17,79.3,0.6
2026/03/02,20,27.96,80.87,0.7
2026/03/02,21,27.78,81.9,1.2
2026/03/02,22,27.59,82.72,1.72
2026/03/02,23,27.42,83.37,2.22
2026/03/03,00,27.26,83.84,2.76
2026/03/03,01,27.07,84.2,2.27
2026/03/03,02,26.87,84.67,1.5
2026/03/03,03,26.68,85.27,1.93
2026/03/03,04,26.49,86.12,1.68
2026/03/03,05,26.31,86.86,1.69
2026/03/03,06,26.21,87.34,1.14
2026/03/03,07,26.69,84.74,0.78
2026/03/03,08,27.62,78.38,0.8
2026/03/03,09,28.7,71.27,0.6
2026/03/03,10,29.69,66.26,0.73
2026/03/03,11,30.46,63.2,0.66
2026/03/03,12,31.0,61.64,0.54
2026/03/03,13,31.14,61.92,0.53
2026/03/03,14,30.92,63.88,2.42
2026/03/03,15,30.43,66.2,4.45
2026/03/03,16,29.82,68.67,8.83
2026/03/03,17,29.08,72.05,11.95
2026/03/03,18,28.45,75.95,5.91
2026/03/03,19,28.14,78.99,1.53
2026/03/03,20,27.95,80.52,0.95
2026/03/03,21,27.78,81.55,1.36
2026/03/03,22,27.63,82.25,1.78
2026/03/03,23,27.47,82.92,1.79
2026/03/04,00,27.32,83.51,1.8
2026/03/04,01,27.16,84.11,2.18
2026/03/04,02,27.01,84.41,1.88
2026/03/04,03,26.86,84.88,1.59
2026/03/04,04,26.73,85.36,1.27
2026/03/04,05,26.65,85.65,0.65
2026/03/04,06,26.65,85.73,0.34
2026/03/04,07,27.27,83.33,0.17
2026/03/04,08,28.11,79.17,0.26
2026/03/04,09,29.01,74.73,0.25
2026/03/04,10,29.84,70.88,0.16
2026/03/04,11,30.46,68.18,0.49
2026/03/04,12,30.78,66.61,1.17
2026/03/04,13,30.91,66.06,0.72
2026/03/04,14,30.72,66.8,5.82
2026/03/04,15,30.19,68.49,5.23
2026/03/04,16,29.54,70.87,5.86
2026/03/04,17,28.84,74.14,2.49
2026/03/04,18,28.29,77.75,1.7
2026/03/04,19,28.01,80.15,0.17
2026/03/04,20,27.85,81.14,0.37
2026/03/04,21,27.7,81.78,0.31
2026/03/04,22,27.53,82.45,0.22
2026/03/04,23,27.37,83.17,0.31
2026/03/05,00,27.22,83.73,0.61
2026/03/05,01,27.07,84.15,0.3
2026/03/05,02,26.92,84.58,0.33
2026/03/05,03,26.78,84.95,0.2
2026/03/05,04,26.64,85.35,0.32
2026/03/05,05,26.51,85.82,0.37
2026/03/05,06,26.47,85.98,0.39
2026/03/05,07,27.03,83.24,0.69
2026/03/05,08,27.9,78.2,0.7
2026/03/05,09,28.78,73.42,0.57
2026/03/05,10,29.68,69.17,0.3
2026/03/05,11,30.46,65.28,0.48
2026/03/05,12,31.09,61.9,0.66
2026/03/05,13,31.52,60.01,1.4
2026/03/05,14,31.58,60.64,1.54
2026/03/05,15,31.17,63.78,2.73
2026/03/05,16,30.34,67.57,8.43
2026/03/05,17,29.37,71.76,16.52
2026/03/05,18,28.52,76.34,2.56
2026/03/05,19,28.15,79.17,1.74
2026/03/05,20,27.95,80.87,0.3
2026/03/05,21,27.78,82.08,0.37
2026/03/05,22,27.61,82.9,0.28
2026/03/05,23,27.46,83.53,0.24
2026/03/06,00,27.31,84.19,0.32
2026/03/06,01,27.15,84.95,0.47
2026/03/06,02,27.01,85.66,0.41
2026/03/06,03,26.9,86.02,0.72
2026/03/06,04,26.81,86.16,0.78
2026/03/06,05,26.7,86.41,0.69
2026/03/06,06,26.64,86.52,0.44
2026/03/06,07,27.2,83.61,0.17
2026/03/06,08,28.04,78.63,0.11
2026/03/06,09,28.95,74.04,0.04
2026/03/06,10,29.83,70.37,0.03
2026/03/06,11,30.51,67.68,0.31
2026/03/06,12,30.97,65.52,0.44
2026/03/06,13,31.21,64.54,0.72
2026/03/06,14,31.07,65.19,4.7
2026/03/06,15,30.5,67.14,5.29
2026/03/06,16,29.8,69.71,10.84
2026/03/06,17,29.04,72.61,3.08
2026/03/06,18,28.41,75.9,0.69
2026/03/06,19,28.02,78.52,1.46
2026/03/06,20,27.78,80.13,0.75
2026/03/06,21,27.58,81.22,0.75
2026/03/06,22,27.42,82.01,0.8
2026/03/06,23,27.27,82.56,0.19
2026/03/07,00,27.13,83.12,0.32
2026/03/07,01,26.97,83.86,0.15
2026/03/07,02,26.79,84.74,0.04
2026/03/07,03,26.62,85.42,0.04
2026/03/07,04,26.49,86.07,0.02
2026/03/07,05,26.41,86.78,0.0
2026/03/07,06,26.45,87.06,0.03
2026/03/07,07,27.09,84.41,0.2
2026/03/07,08,27.93,79.91,0.22
2026/03/07,09,28.78,75.22,0.18
2026/03/07,10,29.65,71.2,0.57
2026/03/07,11,30.39,68.11,0.52
2026/03/07,12,30.85,66.32,0.36
2026/03/07,13,31.03,66.01,0.31
2026/03/07,14,30.91,66.76,0.77
2026/03/07,15,30.57,68.12,0.27
2026/03/07,16,30.11,69.74,1.15
2026/03/07,17,29.55,71.63,4.22
2026/03/07,18,28.96,74.14,3.57
2026/03/07,19,28.5,77.16,1.06
2026/03/07,20,28.21,79.32,0.5
2026/03/07,21,27.99,80.84,0.45
2026/03/07,22,27.79,82.09,0.2
2026/03/07,23,27.61,83.15,0.03
2026/03/08,00,27.44,84.03,0.02
2026/03/08,01,27.29,84.7,0.05
2026/03/08,02,27.13,85.29,0.11
2026/03/08,03,26.96,85.95,0.02
2026/03/08,04,26.81,86.42,0.0
2026/03/08,05,26.71,86.62,0.0
2026/03/08,06,26.7,86.64,0.0
2026/03/08,07,27.34,83.72,0.0
2026/03/08,08,28.3,78.59,0.0
2026/03/08,09,29.27,73.73,0.0
2026/03/08,10,30.2,69.69,0.15
2026/03/08,11,30.88,66.88,0.5
2026/03/08,12,31.29,65.39,0.0
2026/03/08,13,31.47,65.29,0.42
2026/03/08,14,31.41,66.09,0.01
2026/03/08,15,31.09,67.42,0.59
2026/03/08,16,30.49,69.77,1.88
2026/03/08,17,29.6,73.76,2.7
2026/03/08,18,28.72,78.47,1.47
2026/03/08,19,28.3,81.02,0.57
2026/03/08,20,28.14,81.94,0.23
2026/03/08,21,28.05,82.43,0.57
2026/03/08,22,27.91,83.08,0.65
2026/03/08,23,27.77,83.88,0.72
2026/03/09,00,27.63,84.63,0.81
2026/03/09,01,27.5,85.43,1.05
2026/03/09,02,27.37,86.17,1.06
2026/03/09,03,27.25,86.64,0.6
2026/03/09,04,27.14,87.1,0.41
2026/03/09,05,27.07,87.53,0.47
2026/03/09,06,27.06,87.76,0.32
2026/03/09,07,27.55,85.14,0.08
2026/03/09,08,28.4,80.27,0.0
2026/03/09,09,29.31,75.43,0.03
2026/03/09,10,30.14,71.6,0.01
2026/03/09,11,30.8,69.09,0.13
2026/03/09,12,31.19,67.49,0.85
2026/03/09,13,31.31,67.17,1.31
2026/03/09,14,31.26,67.87,1.19
2026/03/09,15,31.02,68.82,2.16
2026/03/09,16,30.48,70.61,2.71
2026/03/09,17,29.72,73.81,3.91
2026/03/09,18,28.98,77.78,3.22
2026/03/09,19,28.6,80.22,1.92
2026/03/09,20,28.42,81.55,1.43
2026/03/09,21,28.26,82.64,1.55
2026/03/09,22,28.12,83.45,1.96
2026/03/09,23,27.97,84.32,1.76
2026/03/10,00,27.82,85.09,0.57
2026/03/10,01,27.68,85.67,0.94
2026/03/10,02,27.54,86.14,1.16
2026/03/10,03,27.4,86.54,0.73
2026/03/10,04,27.25,87.13,0.53
2026/03/10,05,27.12,87.71,0.35
2026/03/10,06,27.09,87.99,0.48
2026/03/10,07,27.55,85.7,0.72
2026/03/10,08,28.43,80.94,0.05
2026/03/10,09,29.41,76.01,0.03
2026/03/10,10,30.27,72.18,0.05
2026/03/10,11,30.91,69.91,0.18
2026/03/10,12,31.33,68.24,0.71
2026/03/10,13,31.56,67.11,0.62
2026/03/10,14,31.53,67.1,1.46
2026/03/10,15,31.18,68.34,3.11
2026/03/10,16,30.47,71.2,5.14
2026/03/10,17,29.55,75.75,5.1
2026/03/10,18,28.79,80.19,3.62
2026/03/10,19,28.41,82.67,2.11
2026/03/10,20,28.24,83.84,2.36
2026/03/10,21,28.11,84.52,2.5
2026/03/10,22,27.93,85.43,2.31
2026/03/10,23,27.62,87.05,2.2
2026/03/11,00,27.22,89.1,2.36
2026/03/11,01,26.93,90.35,0.65
2026/03/11,02,26.87,90.24,0.48
2026/03/11,03,26.92,89.58,0.41
2026/03/11,04,26.94,89.26,0.54
2026/03/11,05,26.91,89.22,0.93
2026/03/11,06,26.98,88.63,0.92
2026/03/11,07,27.41,86.34,0.27
2026/03/11,08,28.16,82.4,0.3
2026/03/11,09,29.16,77.56,0.45
2026/03/11,10,30.07,73.51,0.32
2026/03/11,11,30.71,70.51,0.39
2026/03/11,12,31.1,67.84,0.15
2026/03/11,13,31.24,66.36,0.1
2026/03/11,14,31.12,66.7,0.05
2026/03/11,15,30.78,67.97,0.63
2026/03/11,16,30.18,70.29,2.6
2026/03/11,17,29.42,73.82,2.26
2026/03/11,18,28.68,77.92,0.79
2026/03/11,19,28.24,81.01,0.04
2026/03/11,20,28.01,82.69,0.07
2026/03/11,21,27.85,83.8,0.01
2026/03/11,22,27.69,84.81,0.0
2026/03/11,23,27.48,85.92,0.0
2026/03/12,00,27.23,86.93,0.0
2026/03/12,01,27.0,87.74,0.0
2026/03/12,02,26.83,88.33,0.06
2026/03/12,03,26.68,88.96,0.2
2026/03/12,04,26.59,89.3,0.22
2026/03/12,05,26.54,89.48,0.39
2026/03/12,06,26.62,89.02,0.3
2026/03/12,07,27.48,84.77,0.32
2026/03/12,08,28.62,78.14,0.75
2026/03/12,09,29.66,73.08,1.05
2026/03/12,10,30.5,70.11,0.71
2026/03/12,11,31.16,67.96,1.64
2026/03/12,12,31.56,66.03,2.34
2026/03/12,13,31.65,65.19,3.55
2026/03/12,14,31.35,65.93,7.54
2026/03/12,15,30.73,68.04,4.43
2026/03/12,16,30.07,70.8,5.56
2026/03/12,17,29.31,74.8,3.64
2026/03/12,18,28.68,79.2,0.64
2026/03/12,19,28.33,82.08,0.11
2026/03/12,20,28.11,83.49,0.19
2026/03/12,21,27.91,84.2,0.22
2026/03/12,22,27.71,84.69,0.19
2026/03/12,23,27.52,85.4,0.16
2026/03/13,00,27.3,86.59,0.14
2026/03/13,01,27.09,87.58,0.06
2026/03/13,02,26.89,88.32,0.0
2026/03/13,03,26.7,89.07,0.0
2026/03/13,04,26.53,89.79,0.0
2026/03/13,05,26.43,90.13,0.04
2026/03/13,06,26.44,90.01,0.12
2026/03/13,07,27.19,86.21,0.14
2026/03/13,08,28.26,79.83,0.18
2026/03/13,09,29.3,73.58,0.32
2026/03/13,10,30.19,69.54,1.39
2026/03/13,11,30.79,67.2,3.63
2026/03/13,12,31.15,65.6,3.34
2026/03/13,13,31.34,64.57,2.39
2026/03/13,14,31.33,64.4,1.76
2026/03/13,15,30.88,65.86,4.94
2026/03/13,16,30.1,68.55,11.27
2026/03/13,17,29.19,72.67,9.92
2026/03/13,18,28.54,77.33,0.72
2026/03/13,19,28.27,80.43,0.21
2026/03/13,20,28.12,81.92,0.72
2026/03/13,21,27.96,82.8,1.22
2026/03/13,22,27.79,83.84,1.91
2026/03/13,23,27.6,85.1,2.17
2026/03/14,00,27.44,86.23,1.77
2026/03/14,01,27.32,86.92,1.64
2026/03/14,02,27.22,87.17,1.39
2026/03/14,03,27.13,87.37,1.57
2026/03/14,04,27.05,87.56,1.57
2026/03/14,05,27.0,87.89,0.57
2026/03/14,06,27.08,87.75,0.6
2026/03/14,07,27.59,85.17,0.57
2026/03/14,08,28.34,80.45,0.28
2026/03/14,09,29.04,75.89,0.5
2026/03/14,10,29.48,73.22,1.52
2026/03/14,11,29.88,71.55,0.51
2026/03/14,12,30.21,70.56,0.48
2026/03/14,13,30.23,70.6,0.62
2026/03/14,14,30.25,70.54,0.33
2026/03/14,15,30.12,71.24,0.5
2026/03/14,16,29.71,73.29,1.5
2026/03/14,17,29.16,76.32,2.27
2026/03/14,18,28.54,80.14,2.3
2026/03/14,19,28.15,83.33,1.36
2026/03/14,20,27.98,84.89,1.08
2026/03/14,21,27.84,85.84,3.02
2026/03/14,22,27.68,86.57,3.64
2026/03/14,23,27.47,87.16,3.35
2026/03/15,00,27.25,87.7,1.62
2026/03/15,01,27.07,88.15,0.4
2026/03/15,02,26.93,88.45,0.74
2026/03/15,03,26.82,88.74,0.16
2026/03/15,04,26.72,89.17,0.0
2026/03/15,05,26.64,89.59,0.0
2026/03/15,06,26.67,89.51,0.0
2026/03/15,07,27.3,86.4,0.0
2026/03/15,08,28.36,80.5,0.0
2026/03/15,09,29.39,75.18,0.13
2026/03/15,10,30.18,72.12,0.0
2026/03/15,11,30.78,70.53,0.0
2026/03/15,12,31.27,69.56,0.04
2026/03/15,13,31.65,68.36,0.74
2026/03/15,14,31.79,67.46,1.62
2026/03/15,15,31.5,68.03,6.5
2026/03/15,16,30.7,70.68,9.51
2026/03/15,17,29.58,75.49,10.19
2026/03/15,18,28.57,81.86,7.93
2026/03/15,19,28.05,85.74,4.52
2026/03/15,20,27.84,87.22,3.16
2026/03/15,21,27.72,87.97,2.86
2026/03/15,22,27.6,88.58,2.6
2026/03/15,23,27.46,88.91,2.28
2026/03/16,00,27.33,89.08,1.23
2026/03/16,01,27.22,88.81,0.35
2026/03/16,02,27.09,88.82,0.05
2026/03/16,03,27.0,88.83,0.09
2026/03/16,04,26.96,88.77,0.1
2026/03/16,05,26.91,88.96,0.11
2026/03/16,06,26.95,88.96,0.11
2026/03/16,07,27.58,85.47,0.25
2026/03/16,08,28.45,80.11,0.01
2026/03/16,09,29.25,76.07,0.0
2026/03/16,10,29.99,73.46,0.0
2026/03/16,11,30.57,71.45,0.06
2026/03/16,12,30.99,69.34,0.3
2026/03/16,13,31.13,68.76,1.13
2026/03/16,14,31.03,69.19,3.8
2026/03/16,15,30.63,70.24,8.99
2026/03/16,16,29.93,72.57,11.1
2026/03/16,17,29.07,76.96,8.83
2026/03/16,18,28.38,81.52,5.2
2026/03/16,19,28.08,84.07,2.93
2026/03/16,20,27.94,84.96,2.49
2026/03/16,21,27.82,85.43,3.04
2026/03/16,22,27.68,85.82,2.82
2026/03/16,23,27.53,86.63,2.33
2026/03/17,00,-999.0,-999.0,-999.0
2026/03/17,01,-999.0,-999.0,-999.0
2026/03/17,02,-999.0,-999.0,-999.0
2026/03/17,03,-999.0,-999.0,-999.0
2026/03/17,04,-999.0,-999.0,-999.0
2026/03/17,05,-999.0,-999.0,-999.0
2026/03/17,06,-999.0,-999.0,-999.0
2026/03/17,07,-999.0,-999.0,-999.0
2026/03/17,08,-999.0,-999.0,-999.0
2026/03/17,09,-999.0,-999.0,-999.0
2026/03/17,10,-999.0,-999.0,-999.0
2026/03/17,11,-999.0,-999.0,-999.0
2026/03/17,12,-999.0,-999.0,-999.0
2026/03/17,13,-999.0,-999.0,-999.0
2026/03/17,14,-999.0,-999.0,-999.0
2026/03/17,15,-999.0,-999.0,-999.0
2026/03/17,16,-999.0,-999.0,-999.0
2026/03/17,17,-999.0,-999.0,-999.0
2026/03/17,18,-999.0,-999.0,-999.0
2026/03/17,19,-999.0,-999.0,-999.0
2026/03/17,20,-999.0,-999.0,-999.0
2026/03/17,21,-999.0,-999.0,-999.0
2026/03/17,22,-999.0,-999.0,-999.0
2026/03/17,23,-999.0,-999.0,-999.0
2026/03/18,00,-999.0,-999.0,-999.0
2026/03/18,01,-999.0,-999.0,-999.0
2026/03/18,02,-999.0,-999.0,-999.0
2026/03/18,03,-999.0,-999.0,-999.0
2026/03/18,04,-999.0,-999.0,-999.0
2026/03/18,05,-999.0,-999.0,-999.0
2026/03/18,06,-999.0,-999.0,-999.0
2026/03/18,07,-999.0,-999.0,-999.0
2026/03/18,08,-999.0,-999.0,-999.0
2026/03/18,09,-999.0,-999.0,-999.0
2026/03/18,10,-999.0,-999.0,-999.0
2026/03/18,11,-999.0,-999.0,-999.0
2026/03/18,12,-999.0,-999.0,-999.0
2026/03/18,13,-999.0,-999.0,-999.0
2026/03/18,14,-999.0,-999.0,-999.0
2026/03/18,15,-999.0,-999.0,-999.0
2026/03/18,16,-999.0,-999.0,-999.0
2026/03/18,17,-999.0,-999.0,-999.0
2026/03/18,18,-999.0,-999.0,-999.0
2026/03/18,19,-999.0,-999.0,-999.0
2026/03/18,20,-999.0,-999.0,-999.0
2026/03/18,21,-999.0,-999.0,-999.0
2026/03/18,22,-999.0,-999.0,-999.0
2026/03/18,23,-999.0,-999.0,-999.0
2026/03/19,00,-999.0,-999.0,-999.0
2026/03/19,01,-999.0,-999.0,-999.0
2026/03/19,02,-999.0,-999.0,-999.0
2026/03/19,03,-999.0,-999.0,-999.0
2026/03/19,04,-999.0,-999.0,-999.0
2026/03/19,05,-999.0,-999.0,-999.0
2026/03/19,06,-999.0,-999.0,-999.0
2026/03/19,07,-999.0,-999.0,-999.0
2026/03/19,08,-999.0,-999.0,-999.0
2026/03/19,09,-999.0,-999.0,-999.0
2026/03/19,10,-999.0,-999.0,-999.0
2026/03/19,11,-999.0,-999.0,-999.0
2026/03/19,12,-999.0,-999.0,-999.0
2026/03/19,13,-999.0,-999.0,-999.0
2026/03/19,14,-999.0,-999.0,-999.0
2026/03/19,15,-999.0,-999.0,-999.0
2026/03/19,16,-999.0,-999.0,-999.0
2026/03/19,17,-999.0,-999.0,-999.0
2026/03/19,18,-999.0,-999.0,-999.0
2026/03/19,19,-999.0,-999.0,-999.0
2026/03/19,20,-999.0,-999.0,-999.0
2026/03/19,21,-999.0,-999.0,-999.0
2026/03/19,22,-999.0,-999.0,-999.0
2026/03/19,23,-999.0,-999.0,-999.0
